image-id,prediction
1,Eva Mendes
2,Michael Bloomberg
3,Steve Carell
4,Michael Bloomberg
5,Gordon Brown
6,Jessica Simpson
7,Joaquin Phoenix
8,Julia Stiles
9,Ashton Kutcher
10,Julia Stiles
11,Julia Stiles
12,Sania Mirza
13,David Duchovny
14,Barack Obama
15,Julia Stiles
16,Beyonce Knowles
17,Halle Berry
18,Kiefer Sutherland
19,Jennifer Lopez
20,Jennifer Love Hewitt
21,Keira Knightley
22,Barack Obama
23,Sania Mirza
24,Viggo Mortensen
25,Ashton Kutcher
26,Daniel Radcliffe
27,Charlize Theron
28,Julia Stiles
29,Viggo Mortensen
30,Julia Stiles
31,Tom Cruise
32,Julia Stiles
33,Adam Sandler
34,Cristiano Ronaldo
35,Julia Stiles
36,Morgan Freeman
37,Ricky Martin
38,Julia Stiles
39,Tom Cruise
40,David Beckham
41,Reese Witherspoon
42,Matt Damon
43,Brad Pitt
44,Brad Pitt
45,Keira Knightley
46,Julia Stiles
47,Julia Roberts
48,Kate Winslet
49,Denise Richards
50,Tom Cruise
51,Eva Mendes
52,Brad Pitt
53,Barack Obama
54,Hugh Jackman
55,Uma Thurman
56,Colin Powell
57,George Clooney
58,Stephen Colbert
59,Gwyneth Paltrow
60,Harrison Ford
61,Christina Ricci
62,Joaquin Phoenix
63,Meg Ryan
64,Victoria Beckham
65,Victoria Beckham
66,Julia Stiles
67,Angelina Jolie
68,Victoria Beckham
69,Kiefer Sutherland
70,Joaquin Phoenix
71,Joaquin Phoenix
72,Julia Roberts
73,John Travolta
74,Will Smith
75,Julia Stiles
76,Hugh Laurie
77,Angelina Jolie
78,Julia Stiles
79,Jack Nicholson
80,Julia Stiles
81,Julia Stiles
82,John Travolta
83,Keira Knightley
84,Jennifer Love Hewitt
85,Reese Witherspoon
86,Gwyneth Paltrow
87,Adam Sandler
88,Miley Cyrus
89,Julia Stiles
90,Hugh Laurie
91,Meryl Streep
92,Will Smith
93,Nicole Kidman
94,Julia Roberts
95,Gwyneth Paltrow
96,Jessica Simpson
97,Julia Stiles
98,Julia Stiles
99,Drew Barrymore
100,Cristiano Ronaldo
101,Denise Richards
102,Gwyneth Paltrow
103,Ricky Martin
104,Julia Stiles
105,Leonardo DiCaprio
106,Julia Stiles
107,Tom Cruise
108,Joaquin Phoenix
109,Jessica Simpson
110,Harrison Ford
111,Katherine Heigl
112,Denise Richards
113,Ehud Olmert
114,Julia Stiles
115,Daniel Radcliffe
116,David Duchovny
117,Kate Moss
118,Julia Stiles
119,Gwyneth Paltrow
120,Nicole Kidman
121,Joaquin Phoenix
122,Brad Pitt
123,Adam Sandler
124,Zac Efron
125,Viggo Mortensen
126,Drew Barrymore
127,David Duchovny
128,Stephen Colbert
129,Jennifer Aniston
130,Brad Pitt
131,Gwyneth Paltrow
132,Jennifer Lopez
133,Viggo Mortensen
134,Katherine Heigl
135,Brad Pitt
136,Tom Cruise
137,Hugh Laurie
138,Dustin Hoffman
139,Keira Knightley
140,Alec Baldwin
141,Miley Cyrus
142,Beyonce Knowles
143,Ashton Kutcher
144,Daniel Radcliffe
145,Keira Knightley
146,Alec Baldwin
147,Kate Winslet
148,Ehud Olmert
149,Julia Stiles
150,Cameron Diaz
151,Julia Stiles
152,Joaquin Phoenix
153,Julia Stiles
154,Hugh Laurie
155,David Beckham
156,Faith Hill
157,Zac Efron
158,Jessica Simpson
159,Ashton Kutcher
160,Ricky Martin
161,Tom Cruise
162,Ehud Olmert
163,Cristiano Ronaldo
164,Jennifer Aniston
165,Julia Stiles
166,Morgan Freeman
167,Charlize Theron
168,Julia Stiles
169,Jennifer Aniston
170,Cate Blanchett
171,Julia Roberts
172,Matt Damon
173,Miley Cyrus
174,Jack Nicholson
175,Julia Stiles
176,Stephen Colbert
177,Julia Roberts
178,Jennifer Love Hewitt
179,Colin Powell
180,Mickey Rourke
181,Harrison Ford
182,Eva Mendes
183,Miley Cyrus
184,Julia Roberts
185,Drew Barrymore
186,Brad Pitt
187,Jennifer Lopez
188,Gordon Brown
189,Julia Stiles
190,Julia Roberts
191,Julia Stiles
192,Orlando Bloom
193,Katherine Heigl
194,Jennifer Aniston
195,Julia Stiles
196,Michael Bloomberg
197,Sania Mirza
198,Jessica Simpson
199,Michael Bloomberg
200,Jennifer Lopez
201,Kate Winslet
202,Barack Obama
203,Hugh Laurie
204,Sania Mirza
205,George Clooney
206,Colin Powell
207,Matt Damon
208,Viggo Mortensen
209,Orlando Bloom
210,Colin Farrell
211,Daniel Craig
212,Julia Roberts
213,Jennifer Love Hewitt
214,Ehud Olmert
215,Cristiano Ronaldo
216,Jennifer Love Hewitt
217,Jennifer Lopez
218,Meg Ryan
219,Colin Farrell
220,Alec Baldwin
221,Sania Mirza
222,Dustin Hoffman
223,Ehud Olmert
224,Julia Stiles
225,Barack Obama
226,Julia Roberts
227,Julia Stiles
228,Hugh Laurie
229,Daniel Craig
230,Barack Obama
231,George Clooney
232,Matt Damon
233,Ricky Martin
234,Cristiano Ronaldo
235,Ricky Martin
236,Kiefer Sutherland
237,Brad Pitt
238,Denise Richards
239,Gwyneth Paltrow
240,Julia Stiles
241,Ricky Martin
242,Will Smith
243,Jennifer Love Hewitt
244,Julia Stiles
245,Leonardo DiCaprio
246,Sania Mirza
247,Julia Stiles
248,Hugh Laurie
249,Julia Stiles
250,Jennifer Aniston
251,Nicole Kidman
252,Mariah Carey
253,Ricky Martin
254,Jennifer Love Hewitt
255,Kate Winslet
256,Adam Sandler
257,Beyonce Knowles
258,Cristiano Ronaldo
259,Colin Powell
260,Christina Ricci
261,Katherine Heigl
262,Nicole Kidman
263,Clive Owen
264,Jessica Alba
265,Julia Stiles
266,Ashton Kutcher
267,Will Smith
268,Jennifer Aniston
269,Martha Stewart
270,Kiefer Sutherland
271,Hugh Laurie
272,Julia Stiles
273,Leonardo DiCaprio
274,Barack Obama
275,Ricky Martin
276,Julia Stiles
277,Leonardo DiCaprio
278,Faith Hill
279,Barack Obama
280,Sania Mirza
281,Viggo Mortensen
282,Clive Owen
283,Harrison Ford
284,Matt Damon
285,Cristiano Ronaldo
286,Michael Bloomberg
287,Robert Gates
288,Brad Pitt
289,Gordon Brown
290,Barack Obama
291,George Clooney
292,Reese Witherspoon
293,Joaquin Phoenix
294,Drew Barrymore
295,Julia Stiles
296,George Clooney
297,Faith Hill
298,Charlize Theron
299,Viggo Mortensen
300,Keira Knightley
301,Ashton Kutcher
302,Gwyneth Paltrow
303,Matt Damon
304,Julia Stiles
305,Morgan Freeman
306,Sania Mirza
307,George Clooney
308,Clive Owen
309,Drew Barrymore
310,Julia Stiles
311,Julia Stiles
312,Cristiano Ronaldo
313,Julia Stiles
314,Dustin Hoffman
315,Angelina Jolie
316,Tom Cruise
317,Steve Carell
318,Charlize Theron
319,Julia Stiles
320,Julia Stiles
321,George Clooney
322,Joaquin Phoenix
323,Denise Richards
324,Cristiano Ronaldo
325,Jessica Simpson
326,Ricky Martin
327,Barack Obama
328,Julia Roberts
329,Eva Mendes
330,Tom Cruise
331,Ashton Kutcher
332,Jennifer Love Hewitt
333,Miley Cyrus
334,Nicole Kidman
335,Meryl Streep
336,Tom Cruise
337,Sania Mirza
338,Dustin Hoffman
339,Julia Stiles
340,Angelina Jolie
341,Julia Stiles
342,Cate Blanchett
343,Matt Damon
344,Clive Owen
345,Joaquin Phoenix
346,Ricky Martin
347,Julia Stiles
348,Sania Mirza
349,Sania Mirza
350,David Duchovny
351,Kate Winslet
352,Harrison Ford
353,Stephen Colbert
354,Ricky Martin
355,Barack Obama
356,Drew Barrymore
357,Jennifer Lopez
358,Brad Pitt
359,Stephen Colbert
360,Julia Stiles
361,Jennifer Aniston
362,Tom Cruise
363,Julia Stiles
364,Jennifer Aniston
365,Joaquin Phoenix
366,Jennifer Lopez
367,Meryl Streep
368,Joaquin Phoenix
369,Julia Stiles
370,Michael Bloomberg
371,Jennifer Love Hewitt
372,Jennifer Lopez
373,Brad Pitt
374,David Duchovny
375,Tom Cruise
376,Matt Damon
377,Julia Stiles
378,Katherine Heigl
379,Victoria Beckham
380,Julia Stiles
381,Ashton Kutcher
382,Jennifer Love Hewitt
383,Jennifer Love Hewitt
384,Barack Obama
385,Julia Roberts
386,Julia Stiles
387,Julia Stiles
388,Colin Powell
389,Kate Winslet
390,Joaquin Phoenix
391,Jennifer Love Hewitt
392,Julia Roberts
393,Sania Mirza
394,Jennifer Love Hewitt
395,Joaquin Phoenix
396,Hugh Laurie
397,Kate Moss
398,Joaquin Phoenix
399,Shakira
400,Keira Knightley
401,Adam Sandler
402,Kate Moss
403,Leonardo DiCaprio
404,Stephen Colbert
405,Harrison Ford
406,Will Smith
407,Tom Cruise
408,Keira Knightley
409,Kate Winslet
410,Brad Pitt
411,Nicole Richie
412,Silvio Berlusconi
413,Julia Stiles
414,Ricky Martin
415,Brad Pitt
416,David Beckham
417,Matt Damon
418,Michael Bloomberg
419,Julia Roberts
420,Dustin Hoffman
421,Will Smith
422,Harrison Ford
423,Adam Sandler
424,Cate Blanchett
425,Colin Powell
426,Jennifer Lopez
427,Ashton Kutcher
428,Hugh Laurie
429,Michael Bloomberg
430,Kiefer Sutherland
431,Nicole Kidman
432,Stephen Colbert
433,Dustin Hoffman
434,Stephen Colbert
435,Katherine Heigl
436,Meryl Streep
437,Charlize Theron
438,Meg Ryan
439,Katherine Heigl
440,Jessica Simpson
441,Barack Obama
442,Sania Mirza
443,Miley Cyrus
444,Meg Ryan
445,Miley Cyrus
446,Jennifer Aniston
447,Colin Farrell
448,Denise Richards
449,Eva Mendes
450,Leonardo DiCaprio
451,Avril Lavigne
452,George Clooney
453,Gwyneth Paltrow
454,Morgan Freeman
455,Julia Stiles
456,Ashton Kutcher
457,Charlize Theron
458,Victoria Beckham
459,Faith Hill
460,Sania Mirza
461,George Clooney
462,Brad Pitt
463,Dustin Hoffman
464,Cate Blanchett
465,Julia Stiles
466,Keira Knightley
467,Colin Powell
468,Meryl Streep
469,Leonardo DiCaprio
470,Dustin Hoffman
471,Beyonce Knowles
472,Alec Baldwin
473,Julia Roberts
474,Keira Knightley
475,Jessica Simpson
476,Julia Stiles
477,Renee Zellweger
478,Keira Knightley
479,Angelina Jolie
480,Colin Powell
481,Jack Nicholson
482,Will Smith
483,John Travolta
484,Angelina Jolie
485,Jennifer Love Hewitt
486,Dustin Hoffman
487,Julia Stiles
488,Julia Stiles
489,Julia Stiles
490,Joaquin Phoenix
491,Gwyneth Paltrow
492,Kate Winslet
493,Julia Roberts
494,Julia Stiles
495,Miley Cyrus
496,Julia Roberts
497,Julia Stiles
498,Meg Ryan
499,Jennifer Love Hewitt
500,Leonardo DiCaprio
501,Morgan Freeman
502,Michael Bloomberg
503,Reese Witherspoon
504,Jessica Simpson
505,Katherine Heigl
506,Julia Stiles
507,Joaquin Phoenix
508,Julia Stiles
509,Cameron Diaz
510,Julia Stiles
511,Denise Richards
512,Matt Damon
513,Jennifer Love Hewitt
514,Tom Cruise
515,Alec Baldwin
516,Julia Stiles
517,Julia Stiles
518,Julia Stiles
519,Keira Knightley
520,Hugh Laurie
521,Ricky Martin
522,Reese Witherspoon
523,George Clooney
524,Jennifer Love Hewitt
525,Cate Blanchett
526,Kate Winslet
527,Stephen Colbert
528,Sania Mirza
529,Julia Roberts
530,Daniel Radcliffe
531,Denise Richards
532,Joaquin Phoenix
533,Jennifer Love Hewitt
534,Julia Stiles
535,Dustin Hoffman
536,Dustin Hoffman
537,Ricky Martin
538,Dustin Hoffman
539,Dustin Hoffman
540,Keira Knightley
541,Nicole Kidman
542,Julia Stiles
543,Meg Ryan
544,Joaquin Phoenix
545,Jessica Alba
546,Adam Sandler
547,Joaquin Phoenix
548,Will Smith
549,Michael Bloomberg
550,Julia Stiles
551,Dustin Hoffman
552,Jennifer Lopez
553,Nicole Kidman
554,Gwyneth Paltrow
555,Meryl Streep
556,Michael Bloomberg
557,Alec Baldwin
558,Julia Roberts
559,Kate Winslet
560,Julia Stiles
561,Jennifer Lopez
562,Julia Roberts
563,Joaquin Phoenix
564,Ricky Martin
565,Hugh Jackman
566,Steve Carell
567,Sania Mirza
568,Cristiano Ronaldo
569,Ehud Olmert
570,Adam Sandler
571,Michael Bloomberg
572,David Duchovny
573,Kiefer Sutherland
574,Morgan Freeman
575,Brad Pitt
576,Joaquin Phoenix
577,Hugh Jackman
578,Will Smith
579,Katherine Heigl
580,Zac Efron
581,Barack Obama
582,Ben Affleck
583,Julia Stiles
584,Leonardo DiCaprio
585,Jennifer Love Hewitt
586,Clive Owen
587,Clive Owen
588,Dustin Hoffman
589,Jennifer Aniston
590,Zac Efron
591,John Travolta
592,Julia Stiles
593,Gwyneth Paltrow
594,Harrison Ford
595,Michael Bloomberg
596,Stephen Colbert
597,Julia Stiles
598,Tom Cruise
599,Julia Stiles
600,Colin Powell
601,Julia Stiles
602,Keira Knightley
603,Reese Witherspoon
604,Nicole Richie
605,John Travolta
606,Kate Winslet
607,Cristiano Ronaldo
608,Brad Pitt
609,Zac Efron
610,Gwyneth Paltrow
611,Jennifer Aniston
612,Harrison Ford
613,George Clooney
614,Keira Knightley
615,Julia Stiles
616,Julia Stiles
617,Meryl Streep
618,Shahrukh Khan
619,Hugh Laurie
620,Colin Powell
621,Julia Stiles
622,Jennifer Lopez
623,Dustin Hoffman
624,Julia Roberts
625,Keira Knightley
626,Michael Bloomberg
627,Julia Stiles
628,Jennifer Lopez
629,Jack Nicholson
630,Martha Stewart
631,Julia Roberts
632,Hugh Laurie
633,Julia Stiles
634,Colin Powell
635,Julia Roberts
636,Shahrukh Khan
637,Miley Cyrus
638,Meryl Streep
639,Jennifer Aniston
640,Ehud Olmert
641,Gordon Brown
642,Julia Roberts
643,Cristiano Ronaldo
644,Miley Cyrus
645,Meryl Streep
646,Julia Stiles
647,Katherine Heigl
648,Julia Stiles
649,Scarlett Johansson
650,Joaquin Phoenix
651,Viggo Mortensen
652,Jessica Simpson
653,Jennifer Love Hewitt
654,George Clooney
655,Harrison Ford
656,Keira Knightley
657,Julia Roberts
658,Miley Cyrus
659,Meg Ryan
660,Keira Knightley
661,Jessica Simpson
662,George Clooney
663,Meg Ryan
664,Kate Winslet
665,Julia Stiles
666,Adam Sandler
667,Jennifer Love Hewitt
668,Julia Stiles
669,Gwyneth Paltrow
670,Daniel Radcliffe
671,Denise Richards
672,Adam Sandler
673,Robert Gates
674,Angelina Jolie
675,Ricky Martin
676,Beyonce Knowles
677,Nicole Richie
678,Hugh Laurie
679,Daniel Radcliffe
680,Drew Barrymore
681,Harrison Ford
682,Julia Roberts
683,Julia Stiles
684,Julia Stiles
685,Jennifer Aniston
686,Drew Barrymore
687,Ricky Martin
688,Ben Affleck
689,Tom Cruise
690,Julia Stiles
691,Sania Mirza
692,Leonardo DiCaprio
693,Julia Stiles
694,Victoria Beckham
695,Ehud Olmert
696,Joaquin Phoenix
697,Barack Obama
698,Julia Stiles
699,Leonardo DiCaprio
700,Nicole Kidman
701,Jennifer Aniston
702,Hugh Jackman
703,Cristiano Ronaldo
704,Brad Pitt
705,Jennifer Love Hewitt
706,Christina Ricci
707,Michael Bloomberg
708,Julia Stiles
709,Claudia Schiffer
710,Julia Stiles
711,Tom Cruise
712,Kiefer Sutherland
713,Miley Cyrus
714,Ehud Olmert
715,Joaquin Phoenix
716,David Beckham
717,Miley Cyrus
718,Sania Mirza
719,Julia Stiles
720,Tom Cruise
721,Gwyneth Paltrow
722,Hugh Laurie
723,Gordon Brown
724,Dustin Hoffman
725,Jennifer Aniston
726,Beyonce Knowles
727,Sania Mirza
728,Ehud Olmert
729,Jennifer Love Hewitt
730,Eva Mendes
731,Daniel Craig
732,Ricky Martin
733,Julia Stiles
734,Reese Witherspoon
735,Joaquin Phoenix
736,Colin Farrell
737,Julia Stiles
738,Martha Stewart
739,Daniel Radcliffe
740,Ehud Olmert
741,Julia Roberts
742,Julia Stiles
743,Anna Kournikova
744,Daniel Craig
745,Keira Knightley
746,Leonardo DiCaprio
747,Miley Cyrus
748,Colin Powell
749,Angelina Jolie
750,Christina Ricci
751,Julia Stiles
752,Jennifer Love Hewitt
753,Julia Stiles
754,Denise Richards
755,Julia Roberts
756,Stephen Colbert
757,Jennifer Aniston
758,Leonardo DiCaprio
759,George Clooney
760,Joaquin Phoenix
761,Dustin Hoffman
762,Dustin Hoffman
763,Julia Roberts
764,Julia Stiles
765,Dustin Hoffman
766,Jessica Alba
767,Julia Stiles
768,Jennifer Lopez
769,Scarlett Johansson
770,Jennifer Love Hewitt
771,Julia Stiles
772,Michael Bloomberg
773,Julia Stiles
774,Meryl Streep
775,Keira Knightley
776,Jennifer Love Hewitt
777,Jennifer Love Hewitt
778,Julia Roberts
779,Julia Stiles
780,Gwyneth Paltrow
781,Kiefer Sutherland
782,Keira Knightley
783,Joaquin Phoenix
784,Ricky Martin
785,Keira Knightley
786,Denise Richards
787,Will Smith
788,Cristiano Ronaldo
789,Julia Roberts
790,Shahrukh Khan
791,Zac Efron
792,George Clooney
793,Tom Cruise
794,Shahrukh Khan
795,Orlando Bloom
796,Leonardo DiCaprio
797,Hugh Laurie
798,Miley Cyrus
799,Viggo Mortensen
800,Meg Ryan
801,Brad Pitt
802,Denise Richards
803,Julia Stiles
804,Sania Mirza
805,Joaquin Phoenix
806,Brad Pitt
807,Sharon Stone
808,Harrison Ford
809,Cristiano Ronaldo
810,Jennifer Lopez
811,Jennifer Love Hewitt
812,Jack Nicholson
813,Meg Ryan
814,Victoria Beckham
815,Julia Stiles
816,Gwyneth Paltrow
817,Joaquin Phoenix
818,Julia Stiles
819,Hugh Jackman
820,George Clooney
821,Matt Damon
822,Ashton Kutcher
823,Dustin Hoffman
824,Brad Pitt
825,Harrison Ford
826,Julia Stiles
827,Daniel Radcliffe
828,Viggo Mortensen
829,Julia Stiles
830,Clive Owen
831,Avril Lavigne
832,Clive Owen
833,Michael Bloomberg
834,Julia Stiles
835,Hugh Jackman
836,Julia Stiles
837,Hugh Jackman
838,Viggo Mortensen
839,Scarlett Johansson
840,Nicole Richie
841,Keira Knightley
842,Jack Nicholson
843,Jennifer Lopez
844,Claudia Schiffer
845,Harrison Ford
846,Julia Stiles
847,George Clooney
848,Miley Cyrus
849,Jennifer Aniston
850,Jennifer Aniston
851,Katherine Heigl
852,Harrison Ford
853,Kiefer Sutherland
854,Will Smith
855,Katherine Heigl
856,Cameron Diaz
857,Meryl Streep
858,Angelina Jolie
859,Miley Cyrus
860,Uma Thurman
861,John Travolta
862,Joaquin Phoenix
863,Colin Powell
864,Julia Roberts
865,Julia Stiles
866,Katherine Heigl
867,Drew Barrymore
868,Dustin Hoffman
869,Nicole Kidman
870,Jennifer Love Hewitt
871,Julia Stiles
872,Joaquin Phoenix
873,Ricky Martin
874,Julia Stiles
875,Joaquin Phoenix
876,Jack Nicholson
877,Mariah Carey
878,Stephen Colbert
879,Denise Richards
880,Tom Cruise
881,Cristiano Ronaldo
882,Tom Cruise
883,Silvio Berlusconi
884,Clive Owen
885,Denise Richards
886,Will Smith
887,Julia Stiles
888,Avril Lavigne
889,Viggo Mortensen
890,Harrison Ford
891,Colin Powell
892,Angelina Jolie
893,Uma Thurman
894,Meryl Streep
895,Joaquin Phoenix
896,Julia Stiles
897,Julia Roberts
898,Julia Stiles
899,Dustin Hoffman
900,Jennifer Love Hewitt
901,Hugh Laurie
902,Denise Richards
903,Reese Witherspoon
904,Anna Kournikova
905,Julia Stiles
906,Miley Cyrus
907,Nicole Richie
908,Angelina Jolie
909,Sania Mirza
910,Julia Stiles
911,Michael Bloomberg
912,Stephen Colbert
913,Brad Pitt
914,Gwyneth Paltrow
915,Jennifer Love Hewitt
916,Meryl Streep
917,Reese Witherspoon
918,Steve Carell
919,Ashton Kutcher
920,Jennifer Love Hewitt
921,Drew Barrymore
922,Mickey Rourke
923,Jennifer Aniston
924,Jessica Simpson
925,Kiefer Sutherland
926,Will Smith
927,Nicole Kidman
928,Beyonce Knowles
929,Dustin Hoffman
930,Jessica Simpson
931,Shahrukh Khan
932,Mickey Rourke
933,Julia Stiles
934,Joaquin Phoenix
935,Katherine Heigl
936,Ashton Kutcher
937,Ricky Martin
938,Shahrukh Khan
939,Julia Stiles
940,Cristiano Ronaldo
941,Julia Roberts
942,John Travolta
943,Eva Mendes
944,Barack Obama
945,Steve Carell
946,Sania Mirza
947,Dustin Hoffman
948,Ehud Olmert
949,Matt Damon
950,Jennifer Aniston
951,Jessica Simpson
952,Matt Damon
953,Julia Stiles
954,Michael Bloomberg
955,Katherine Heigl
956,Julia Roberts
957,Harrison Ford
958,Julia Stiles
959,Avril Lavigne
960,Ehud Olmert
961,Zac Efron
962,Sania Mirza
963,Will Smith
964,Sania Mirza
965,Drew Barrymore
966,John Travolta
967,Tom Cruise
968,Matt Damon
969,Katherine Heigl
970,Morgan Freeman
971,Leonardo DiCaprio
972,Meg Ryan
973,Meryl Streep
974,Julia Roberts
975,Keira Knightley
976,Michael Bloomberg
977,Cristiano Ronaldo
978,Daniel Radcliffe
979,Jennifer Lopez
980,Julia Stiles
981,Leonardo DiCaprio
982,Morgan Freeman
983,Gwyneth Paltrow
984,Morgan Freeman
985,Gwyneth Paltrow
986,Julia Stiles
987,Joaquin Phoenix
988,Julia Roberts
989,Tom Cruise
990,Ricky Martin
991,Uma Thurman
992,Beyonce Knowles
993,Joaquin Phoenix
994,Julia Stiles
995,Ehud Olmert
996,Keira Knightley
997,Gwyneth Paltrow
998,Cristiano Ronaldo
999,Gordon Brown
1000,Joaquin Phoenix
1001,David Beckham
1002,Jennifer Lopez
1003,Steve Carell
1004,Barack Obama
1005,Brad Pitt
1006,Joaquin Phoenix
1007,Cristiano Ronaldo
1008,Gwyneth Paltrow
1009,Faith Hill
1010,Gwyneth Paltrow
1011,Dustin Hoffman
1012,Joaquin Phoenix
1013,Harrison Ford
1014,Jennifer Lopez
1015,Uma Thurman
1016,Meg Ryan
1017,Julia Stiles
1018,Dustin Hoffman
1019,Julia Stiles
1020,Joaquin Phoenix
1021,Julia Roberts
1022,Martha Stewart
1023,Jennifer Aniston
1024,Barack Obama
1025,Julia Stiles
1026,Harrison Ford
1027,Julia Stiles
1028,Nicole Kidman
1029,Gordon Brown
1030,Gwyneth Paltrow
1031,Gwyneth Paltrow
1032,Miley Cyrus
1033,Joaquin Phoenix
1034,Clive Owen
1035,Colin Farrell
1036,Michael Bloomberg
1037,Hugh Jackman
1038,Brad Pitt
1039,Reese Witherspoon
1040,Julia Roberts
1041,Brad Pitt
1042,Leonardo DiCaprio
1043,Dustin Hoffman
1044,Anna Kournikova
1045,Tom Cruise
1046,Denise Richards
1047,Jack Nicholson
1048,Kate Winslet
1049,Kiefer Sutherland
1050,Uma Thurman
1051,Meg Ryan
1052,Kiefer Sutherland
1053,Morgan Freeman
1054,Renee Zellweger
1055,Angelina Jolie
1056,Reese Witherspoon
1057,Joaquin Phoenix
1058,Brad Pitt
1059,Joaquin Phoenix
1060,Jack Nicholson
1061,Tom Cruise
1062,Colin Farrell
1063,Will Smith
1064,Barack Obama
1065,Julia Stiles
1066,Julia Stiles
1067,Nicole Kidman
1068,Julia Roberts
1069,Katherine Heigl
1070,Barack Obama
1071,Tom Cruise
1072,Julia Stiles
1073,Daniel Craig
1074,George Clooney
1075,Miley Cyrus
1076,Jennifer Lopez
1077,Julia Stiles
1078,Barack Obama
1079,Kiefer Sutherland
1080,Joaquin Phoenix
1081,David Beckham
1082,Meryl Streep
1083,Julia Stiles
1084,Drew Barrymore
1085,Julia Stiles
1086,Hugh Laurie
1087,Keira Knightley
1088,Julia Stiles
1089,Victoria Beckham
1090,Zac Efron
1091,Miley Cyrus
1092,Victoria Beckham
1093,Beyonce Knowles
1094,Leonardo DiCaprio
1095,Brad Pitt
1096,Leonardo DiCaprio
1097,Robert Gates
1098,Meryl Streep
1099,Julia Stiles
1100,Ricky Martin
1101,Harrison Ford
1102,Julia Stiles
1103,Jennifer Lopez
1104,Kiefer Sutherland
1105,Julia Stiles
1106,Robert Gates
1107,David Duchovny
1108,Martha Stewart
1109,Katherine Heigl
1110,Julia Stiles
1111,Reese Witherspoon
1112,Barack Obama
1113,Jennifer Aniston
1114,Kate Winslet
1115,Katherine Heigl
1116,Julia Stiles
1117,Jessica Simpson
1118,Robert Gates
1119,Gwyneth Paltrow
1120,Julia Stiles
1121,Avril Lavigne
1122,Zac Efron
1123,Barack Obama
1124,Jennifer Love Hewitt
1125,Denise Richards
1126,Mariah Carey
1127,David Beckham
1128,Joaquin Phoenix
1129,Julia Stiles
1130,Daniel Craig
1131,Colin Powell
1132,Cristiano Ronaldo
1133,Matt Damon
1134,Gwyneth Paltrow
1135,Ehud Olmert
1136,Silvio Berlusconi
1137,Julia Stiles
1138,George Clooney
1139,Beyonce Knowles
1140,Cristiano Ronaldo
1141,George Clooney
1142,Joaquin Phoenix
1143,Ricky Martin
1144,Katherine Heigl
1145,Brad Pitt
1146,Shahrukh Khan
1147,Eva Mendes
1148,Jessica Alba
1149,Julia Stiles
1150,Victoria Beckham
1151,Shahrukh Khan
1152,Cate Blanchett
1153,Julia Stiles
1154,Kate Winslet
1155,Morgan Freeman
1156,Joaquin Phoenix
1157,Joaquin Phoenix
1158,Julia Stiles
1159,Julia Stiles
1160,Tom Cruise
1161,Drew Barrymore
1162,Nicole Kidman
1163,Sania Mirza
1164,Nicole Richie
1165,Julia Stiles
1166,Nicole Kidman
1167,Martha Stewart
1168,Nicole Kidman
1169,Sharon Stone
1170,Kiefer Sutherland
1171,Joaquin Phoenix
1172,Julia Stiles
1173,Joaquin Phoenix
1174,Kate Winslet
1175,Tom Cruise
1176,Viggo Mortensen
1177,Sania Mirza
1178,Ehud Olmert
1179,Zac Efron
1180,Julia Stiles
1181,Jennifer Aniston
1182,Tom Cruise
1183,Julia Stiles
1184,Gwyneth Paltrow
1185,Will Smith
1186,Leonardo DiCaprio
1187,Clive Owen
1188,Julia Stiles
1189,Ehud Olmert
1190,Jennifer Love Hewitt
1191,Sharon Stone
1192,Meg Ryan
1193,Denise Richards
1194,Ricky Martin
1195,George Clooney
1196,Shahrukh Khan
1197,Julia Stiles
1198,Miley Cyrus
1199,Steve Carell
1200,Jack Nicholson
1201,Meryl Streep
1202,Will Smith
1203,Julia Stiles
1204,Reese Witherspoon
1205,Sania Mirza
1206,Joaquin Phoenix
1207,Dustin Hoffman
1208,Beyonce Knowles
1209,Jennifer Love Hewitt
1210,Drew Barrymore
1211,Julia Stiles
1212,Dustin Hoffman
1213,Brad Pitt
1214,George Clooney
1215,Mariah Carey
1216,Shahrukh Khan
1217,Harrison Ford
1218,Michael Bloomberg
1219,Sania Mirza
1220,Julia Roberts
1221,Victoria Beckham
1222,Brad Pitt
1223,Tom Cruise
1224,Julia Roberts
1225,Steve Carell
1226,Leonardo DiCaprio
1227,Hugh Jackman
1228,Colin Powell
1229,Colin Farrell
1230,Uma Thurman
1231,Barack Obama
1232,Beyonce Knowles
1233,Sania Mirza
1234,Jennifer Lopez
1235,Joaquin Phoenix
1236,Cate Blanchett
1237,Gwyneth Paltrow
1238,Angelina Jolie
1239,Julia Stiles
1240,Miley Cyrus
1241,Barack Obama
1242,Julia Stiles
1243,Michael Bloomberg
1244,Gwyneth Paltrow
1245,Shahrukh Khan
1246,Avril Lavigne
1247,Julia Stiles
1248,George Clooney
1249,Denise Richards
1250,Nicole Kidman
1251,Viggo Mortensen
1252,Gwyneth Paltrow
1253,Gwyneth Paltrow
1254,Stephen Colbert
1255,Tom Cruise
1256,Julia Stiles
1257,Uma Thurman
1258,Julia Roberts
1259,Kiefer Sutherland
1260,Keira Knightley
1261,Joaquin Phoenix
1262,Eva Mendes
1263,Kate Winslet
1264,Zac Efron
1265,Jennifer Love Hewitt
1266,Zac Efron
1267,Clive Owen
1268,Jennifer Love Hewitt
1269,Julia Stiles
1270,Keira Knightley
1271,Barack Obama
1272,Cristiano Ronaldo
1273,Brad Pitt
1274,Joaquin Phoenix
1275,Sania Mirza
1276,Dustin Hoffman
1277,Cristiano Ronaldo
1278,Jennifer Love Hewitt
1279,Ricky Martin
1280,Brad Pitt
1281,Joaquin Phoenix
1282,Morgan Freeman
1283,Charlize Theron
1284,Shakira
1285,Julia Roberts
1286,Jennifer Love Hewitt
1287,Colin Farrell
1288,Joaquin Phoenix
1289,Denise Richards
1290,Denise Richards
1291,Shahrukh Khan
1292,Ricky Martin
1293,Julia Stiles
1294,Julia Stiles
1295,Gwyneth Paltrow
1296,Julia Roberts
1297,Julia Stiles
1298,Kiefer Sutherland
1299,Julia Stiles
1300,Shahrukh Khan
1301,Charlize Theron
1302,Viggo Mortensen
1303,Harrison Ford
1304,Hugh Laurie
1305,Adam Sandler
1306,Sania Mirza
1307,Cristiano Ronaldo
1308,Daniel Craig
1309,Leonardo DiCaprio
1310,Denise Richards
1311,Julia Roberts
1312,Leonardo DiCaprio
1313,Gordon Brown
1314,Reese Witherspoon
1315,Jennifer Love Hewitt
1316,Joaquin Phoenix
1317,Kate Winslet
1318,Jennifer Love Hewitt
1319,Angelina Jolie
1320,Gordon Brown
1321,Gordon Brown
1322,Julia Stiles
1323,Cameron Diaz
1324,Steve Carell
1325,Adam Sandler
1326,Beyonce Knowles
1327,Kiefer Sutherland
1328,Ricky Martin
1329,Eva Mendes
1330,Julia Roberts
1331,Reese Witherspoon
1332,Daniel Craig
1333,Will Smith
1334,George Clooney
1335,Brad Pitt
1336,Charlize Theron
1337,Leonardo DiCaprio
1338,Jennifer Lopez
1339,Julia Roberts
1340,Jessica Simpson
1341,Ricky Martin
1342,Cate Blanchett
1343,Joaquin Phoenix
1344,Gordon Brown
1345,John Travolta
1346,Eva Mendes
1347,Keira Knightley
1348,Eva Mendes
1349,Cate Blanchett
1350,Claudia Schiffer
1351,Matt Damon
1352,Cristiano Ronaldo
1353,Drew Barrymore
1354,Julia Stiles
1355,Angelina Jolie
1356,Angelina Jolie
1357,Joaquin Phoenix
1358,Will Smith
1359,Jessica Alba
1360,Keira Knightley
1361,Brad Pitt
1362,Leonardo DiCaprio
1363,Katherine Heigl
1364,Adam Sandler
1365,Julia Stiles
1366,Barack Obama
1367,Julia Stiles
1368,Morgan Freeman
1369,Eva Mendes
1370,Meryl Streep
1371,Reese Witherspoon
1372,Keira Knightley
1373,George Clooney
1374,Gwyneth Paltrow
1375,Steve Carell
1376,Julia Roberts
1377,Morgan Freeman
1378,Jennifer Love Hewitt
1379,Julia Stiles
1380,Jack Nicholson
1381,Jennifer Lopez
1382,Joaquin Phoenix
1383,Julia Roberts
1384,Barack Obama
1385,Julia Stiles
1386,Drew Barrymore
1387,Angelina Jolie
1388,Julia Stiles
1389,Julia Roberts
1390,Drew Barrymore
1391,Barack Obama
1392,Julia Stiles
1393,Drew Barrymore
1394,John Travolta
1395,Jennifer Love Hewitt
1396,Jessica Alba
1397,Barack Obama
1398,Jennifer Love Hewitt
1399,Barack Obama
1400,Morgan Freeman
1401,Julia Stiles
1402,Jennifer Lopez
1403,Christina Ricci
1404,Julia Roberts
1405,Daniel Radcliffe
1406,Meryl Streep
1407,David Beckham
1408,Julia Stiles
1409,Miley Cyrus
1410,Matt Damon
1411,Gwyneth Paltrow
1412,Jennifer Lopez
1413,Robert Gates
1414,Jessica Simpson
1415,Julia Stiles
1416,Cameron Diaz
1417,Sania Mirza
1418,Jessica Simpson
1419,Hugh Laurie
1420,Claudia Schiffer
1421,Renee Zellweger
1422,Hugh Laurie
1423,Denise Richards
1424,Jennifer Lopez
1425,Christina Ricci
1426,Victoria Beckham
1427,Jennifer Lopez
1428,Daniel Craig
1429,Julia Stiles
1430,Viggo Mortensen
1431,Brad Pitt
1432,Katherine Heigl
1433,Keira Knightley
1434,Martha Stewart
1435,Colin Farrell
1436,Tom Cruise
1437,Morgan Freeman
1438,Scarlett Johansson
1439,Julia Roberts
1440,Joaquin Phoenix
1441,Christina Ricci
1442,Avril Lavigne
1443,Daniel Radcliffe
1444,Barack Obama
1445,Dustin Hoffman
1446,Uma Thurman
1447,Viggo Mortensen
1448,Faith Hill
1449,Jack Nicholson
1450,Sharon Stone
1451,Anna Kournikova
1452,Ehud Olmert
1453,Avril Lavigne
1454,Julia Stiles
1455,Julia Stiles
1456,Barack Obama
1457,Julia Roberts
1458,Julia Stiles
1459,Julia Stiles
1460,Kiefer Sutherland
1461,Julia Roberts
1462,Miley Cyrus
1463,Jennifer Love Hewitt
1464,Viggo Mortensen
1465,Stephen Colbert
1466,Sania Mirza
1467,Zac Efron
1468,Jessica Simpson
1469,Viggo Mortensen
1470,Kate Winslet
1471,Ehud Olmert
1472,David Duchovny
1473,Cristiano Ronaldo
1474,Jennifer Lopez
1475,Daniel Craig
1476,Nicole Richie
1477,Julia Stiles
1478,Julia Stiles
1479,Ricky Martin
1480,Colin Powell
1481,John Travolta
1482,Claudia Schiffer
1483,Miley Cyrus
1484,Ashton Kutcher
1485,Avril Lavigne
1486,Julia Roberts
1487,Joaquin Phoenix
1488,Victoria Beckham
1489,David Duchovny
1490,Julia Roberts
1491,Leonardo DiCaprio
1492,Leonardo DiCaprio
1493,Julia Roberts
1494,Angelina Jolie
1495,Zac Efron
1496,Leonardo DiCaprio
1497,Charlize Theron
1498,Cristiano Ronaldo
1499,Julia Stiles
1500,Tom Cruise
1501,Ricky Martin
1502,Scarlett Johansson
1503,Keira Knightley
1504,Ricky Martin
1505,Anna Kournikova
1506,Charlize Theron
1507,George Clooney
1508,Kiefer Sutherland
1509,Julia Stiles
1510,Drew Barrymore
1511,Ashton Kutcher
1512,Julia Stiles
1513,Joaquin Phoenix
1514,Cristiano Ronaldo
1515,Gordon Brown
1516,Meg Ryan
1517,Jennifer Love Hewitt
1518,Reese Witherspoon
1519,Reese Witherspoon
1520,Uma Thurman
1521,Ricky Martin
1522,Julia Stiles
1523,Will Smith
1524,Ricky Martin
1525,Julia Stiles
1526,Joaquin Phoenix
1527,Barack Obama
1528,Katherine Heigl
1529,Martha Stewart
1530,Cate Blanchett
1531,Gwyneth Paltrow
1532,Barack Obama
1533,Gwyneth Paltrow
1534,Jennifer Love Hewitt
1535,Matt Damon
1536,Brad Pitt
1537,Will Smith
1538,Avril Lavigne
1539,Victoria Beckham
1540,Julia Stiles
1541,Hugh Laurie
1542,Dustin Hoffman
1543,Brad Pitt
1544,Ehud Olmert
1545,Julia Roberts
1546,Cate Blanchett
1547,Dustin Hoffman
1548,Brad Pitt
1549,Denise Richards
1550,Sania Mirza
1551,Julia Stiles
1552,Claudia Schiffer
1553,Keira Knightley
1554,Barack Obama
1555,Cate Blanchett
1556,Tom Cruise
1557,Cristiano Ronaldo
1558,Daniel Radcliffe
1559,Joaquin Phoenix
1560,Clive Owen
1561,Julia Stiles
1562,Cristiano Ronaldo
1563,Brad Pitt
1564,Julia Stiles
1565,Avril Lavigne
1566,Christina Ricci
1567,Reese Witherspoon
1568,Julia Stiles
1569,Julia Roberts
1570,Reese Witherspoon
1571,Julia Roberts
1572,Julia Stiles
1573,Julia Stiles
1574,Viggo Mortensen
1575,Charlize Theron
1576,Eva Mendes
1577,Joaquin Phoenix
1578,Kiefer Sutherland
1579,Colin Powell
1580,Barack Obama
1581,Michael Bloomberg
1582,Barack Obama
1583,Julia Stiles
1584,Cristiano Ronaldo
1585,Anna Kournikova
1586,David Duchovny
1587,Shahrukh Khan
1588,Reese Witherspoon
1589,Viggo Mortensen
1590,David Beckham
1591,Nicole Richie
1592,Meryl Streep
1593,Julia Stiles
1594,Nicole Richie
1595,Julia Stiles
1596,Jessica Simpson
1597,Reese Witherspoon
1598,Ehud Olmert
1599,Miley Cyrus
1600,Beyonce Knowles
1601,Joaquin Phoenix
1602,Denise Richards
1603,George Clooney
1604,Julia Stiles
1605,Ricky Martin
1606,Julia Roberts
1607,Leonardo DiCaprio
1608,Colin Powell
1609,Leonardo DiCaprio
1610,Joaquin Phoenix
1611,Julia Stiles
1612,Hugh Laurie
1613,Dustin Hoffman
1614,Joaquin Phoenix
1615,Meg Ryan
1616,Jennifer Lopez
1617,Sania Mirza
1618,Shahrukh Khan
1619,Jennifer Lopez
1620,Stephen Colbert
1621,Colin Powell
1622,Gwyneth Paltrow
1623,Katherine Heigl
1624,Ehud Olmert
1625,Hugh Jackman
1626,Julia Stiles
1627,Cameron Diaz
1628,Adam Sandler
1629,Hugh Jackman
1630,Julia Roberts
1631,Julia Stiles
1632,Jessica Simpson
1633,Jennifer Love Hewitt
1634,Barack Obama
1635,Gwyneth Paltrow
1636,David Duchovny
1637,Martha Stewart
1638,Jennifer Lopez
1639,Julia Stiles
1640,Julia Stiles
1641,Michael Bloomberg
1642,Leonardo DiCaprio
1643,Barack Obama
1644,Brad Pitt
1645,Nicole Kidman
1646,Joaquin Phoenix
1647,Gwyneth Paltrow
1648,Brad Pitt
1649,Dustin Hoffman
1650,Morgan Freeman
1651,Brad Pitt
1652,Will Smith
1653,Leonardo DiCaprio
1654,Katherine Heigl
1655,John Travolta
1656,Shahrukh Khan
1657,Kate Winslet
1658,Julia Stiles
1659,Jennifer Aniston
1660,Leonardo DiCaprio
